municipio,bairro,unidade_responsavel
Feira de Santana,Queimadinha,25º BPM
Feira de Santana,São João,25º BPM
Feira de Santana,Jaiba,25º BPM
Feira de Santana,Matinha,25º BPM
Feira de Santana,CASEB,25º BPM
Feira de Santana,Lagoa Grande,25º BPM
Feira de Santana,Parque Getulio Vargas,25º BPM
Feira de Santana,Cidade Nova,25º BPM
Feira de Santana,Parque Ipê,25º BPM
Feira de Santana,Papagaio,25º BPM
Feira de Santana,Mantiba,25º BPM
Feira de Santana,Tiquaruçu,25º BPM
Feira de Santana,Mangabeira,25º BPM
Feira de Santana,Aeroporto,25º BPM
Feira de Santana,Conceição,25º BPM
Feira de Santana,Santo Antonio dos Prazeres,25º BPM
Feira de Santana,SIM,25º BPM
Feira de Santana,Registro,25º BPM
Feira de Santana,Lagoa Salgada,25º BPM
Feira de Santana,São Roque,25º BPM
Feira de Santana,Subaé,25º BPM
Feira de Santana,Santa Mônica II,25º BPM
Feira de Santana,Chaparral,25º BPM
Feira de Santana,Santa Mônica,64ª CIPM
Feira de Santana,Capuchinhos,64ª CIPM
Feira de Santana,Ponto Central,64ª CIPM
Feira de Santana,Centro,64ª CIPM
Feira de Santana,Rua Nova,64ª CIPM
Feira de Santana,Serraria Brasil,64ª CIPM
Feira de Santana,Cruzeiro,64ª CIPM
Feira de Santana,Tanque da Nação,64ª CIPM
Feira de Santana,Baraúnas,65ª CIPM
Feira de Santana,Sobradinho,65ª CIPM
Feira de Santana,Jardim Cruzeiro,65ª CIPM
Feira de Santana,Calumbi,65ª CIPM
Feira de Santana,Pedra do Descanso,65ª CIPM
Feira de Santana,Nova Esperança,65ª CIPM
Feira de Santana,Gabriela,65ª CIPM
Feira de Santana,Campo Limpo,65ª CIPM
Feira de Santana,George Americo,65ª CIPM
Feira de Santana,Campo do Gado Novo,65ª CIPM
Feira de Santana,Sítio Novo,65ª CIPM
Feira de Santana,Pampalona,65ª CIPM
Feira de Santana,Pedra Ferrada,65ª CIPM
Feira de Santana,Asa Branca,65ª CIPM
Feira de Santana,UEFS,65ª CIPM
Feira de Santana,Novo Horizonte,65ª CIPM
Feira de Santana,Maria Quitéria,65ª CIPM
Feira de Santana,São José,65ª CIPM
Feira de Santana,Feira VI,65ª CIPM
Feira de Santana,Tomba,67ª CIPM
Feira de Santana,CIS,67ª CIPM
Feira de Santana,Aviário,67ª CIPM
Feira de Santana,Parque Viver,67ª CIPM
Feira de Santana,Panorama,67ª CIPM
Feira de Santana,Fraternidade,67ª CIPM
Feira de Santana,35º BI,67ª CIPM
Feira de Santana,Viveiros,67ª CIPM
Feira de Santana,Ipuaçu,67ª CIPM
Feira de Santana,Humildes,67ª CIPM
Feira de Santana,Limoeiro,67ª CIPM
Feira de Santana,Parque Tamnadari,67ª CIPM
Feira de Santana,Olhos D`água,67ª CIPM
Feira de Santana,Jardim Acácia,67ª CIPM
Feira de Santana,Sítio MAtias,67ª CIPM
Feira de Santana,Chácara São Cosme,67ª CIPM
Feira de Santana,Mochila,67ª CIPM
Feira de Santana,Feira X,67ª CIPM
Feira de Santana,Feira VII,67ª CIPM
Feira de Santana,Caboronga,67ª CIPM
Feira de Santana,Liberdade,67ª CIPM
Ilhéus,Boa Vista,68ª CIPM
Ilhéus,Centro,68ª CIPM
Ilhéus,Cidade Nova,68ª CIPM
Ilhéus,Conquista,68ª CIPM
Ilhéus,Malhado,68ª CIPM
Ilhéus,Teresópolis,68ª CIPM
Ilhéus,São Sebastião,68ª CIPM
Ilhéus,Tapera,68ª CIPM
Ilhéus,Hernani Sá,69ª CIPM
Ilhéus,Ilhéus II,69ª CIPM
Ilhéus,Jardim Atlântico,69ª CIPM
Ilhéus,Nelson Costa,69ª CIPM
Ilhéus,Nossa Sra da Vitória,69ª CIPM
Ilhéus,Pontal,69ª CIPM
Ilhéus,São Francisco,69ª CIPM
Ilhéus,Olivença,69ª CIPM
Ilhéus,Coutos,69ª CIPM
Ilhéus,Santo Antônio,69ª CIPM
Ilhéus,Sapucaeira,69ª CIPM
Ilhéus,Areia Branca,69ª CIPM
Ilhéus,Rio do Engenho,69ª CIPM
Ilhéus,Acuípe,69ª CIPM
Ilhéus,Búzios,69ª CIPM
Ilhéus,Banco da Vitória,70ª CIPM
Ilhéus,Barra do Itaípe,70ª CIPM
Ilhéus,Basílio,70ª CIPM
Ilhéus,Esperança,70ª CIPM
Ilhéus,Iguape,70ª CIPM
Ilhéus,Jardim Savóia,70ª CIPM
Ilhéus,Salobrinho,70ª CIPM
Ilhéus,São Domingos,70ª CIPM
Ilhéus,São Miguel,70ª CIPM
Ilhéus,Teotônio Vilela,70ª CIPM
Ilhéus,Vila Cachoeira,70ª CIPM
Ilhéus,Vila Nazaré,70ª CIPM
Ilhéus,Aritaguá,70ª CIPM
Ilhéus,Banco Central,70ª CIPM
Ilhéus,Banco do Pedro,70ª CIPM
Ilhéus,Castelo Novo,70ª CIPM
Ilhéus,Inema,70ª CIPM
Ilhéus,Japu,70ª CIPM
Ilhéus,Pimenteira,70ª CIPM
Ilhéus,Sambaituba,70ª CIPM
Vitoria da Conquista,Distrito Industrial,92ª CIPM
Vitoria da Conquista,Lagoa das Flores,92ª CIPM
Vitoria da Conquista,Bate Pé,92ª CIPM
Vitoria da Conquista,Cercadinho,92ª CIPM
Vitoria da Conquista,Cabeceira do Jibóia,92ª CIPM
Vitoria da Conquista,Dantelândia,92ª CIPM
Vitoria da Conquista,Iguá,92ª CIPM
Vitoria da Conquista,Inhobim,92ª CIPM
Vitoria da Conquista,José Gonçalves,92ª CIPM
Vitoria da Conquista,Matinha,92ª CIPM
Vitoria da Conquista,Pradoso,92ª CIPM
Vitoria da Conquista,São Sebastião,92ª CIPM
Vitoria da Conquista,Veredinha,92ª CIPM
Vitoria da Conquista,Abelhas,92ª CIPM
Vitoria da Conquista,Caiçara,92ª CIPM
Vitoria da Conquista,Itaipu,92ª CIPM
Vitoria da Conquista,Itapirema,92ª CIPM
Vitoria da Conquista,Lagoa de Melquíades,92ª CIPM
Vitoria da Conquista,Lagoa José Luis,92ª CIPM
Vitoria da Conquista,São João da Vitória,92ª CIPM
Vitoria da Conquista,Agrovila 2,92ª CIPM
Vitoria da Conquista,Água Verde,92ª CIPM
Vitoria da Conquista,Alto da Choca,92ª CIPM
Vitoria da Conquista,Cedro Agrovila I,92ª CIPM
Vitoria da Conquista,Cedro Agrovila II,92ª CIPM
Vitoria da Conquista,Cedro Agrovila III,92ª CIPM
Vitoria da Conquista,Assentamento Cipo,92ª CIPM
Vitoria da Conquista,Assentamento Etelvina Campos,92ª CIPM
Vitoria da Conquista,Assentamento Faz Amaralina,92ª CIPM
Vitoria da Conquista,Assentamento Olho Dágua,92ª CIPM
Vitoria da Conquista,Assentamento União e Força,92ª CIPM
Vitoria da Conquista,Baixa da Porteira,92ª CIPM
Vitoria da Conquista,Baixão de Inhobim,92ª CIPM
Vitoria da Conquista,Barreiros,92ª CIPM
Vitoria da Conquista,Brinco,92ª CIPM
Vitoria da Conquista,Cabeceira,92ª CIPM
Vitoria da Conquista,Caldeirão,92ª CIPM
Vitoria da Conquista,Campinhos,92ª CIPM
Vitoria da Conquista,Campo Formoso,92ª CIPM
Vitoria da Conquista,Capinal,92ª CIPM
Vitoria da Conquista,Capinal II,92ª CIPM
Vitoria da Conquista,Conquista do Rio Pardo,92ª CIPM
Vitoria da Conquista,Corta Lote,92ª CIPM
Vitoria da Conquista,Estiva,92ª CIPM
Vitoria da Conquista,Furadinho,92ª CIPM
Vitoria da Conquista,Furado da Roseira,92ª CIPM
Vitoria da Conquista,Gameleira,92ª CIPM
Vitoria da Conquista,Jobóia,92ª CIPM
Vitoria da Conquista,Juazeiro,92ª CIPM
Vitoria da Conquista,Jurema,92ª CIPM
Vitoria da Conquista,Lagoa do Boi,92ª CIPM
Vitoria da Conquista,Lagoa do Xavier,92ª CIPM
Vitoria da Conquista,Lagoa José Luiz,92ª CIPM
Vitoria da Conquista,Lamarão,92ª CIPM
Vitoria da Conquista,Laranjeiras,92ª CIPM
Vitoria da Conquista,Limeira,92ª CIPM
Vitoria da Conquista,Malhada,92ª CIPM
Vitoria da Conquista,Mamão,92ª CIPM
Vitoria da Conquista,Mutum,92ª CIPM
Vitoria da Conquista,Pé de Galinha,92ª CIPM
Vitoria da Conquista,Pedra Branca,92ª CIPM
Vitoria da Conquista,Perequito,92ª CIPM
Vitoria da Conquista,Poco Verde,92ª CIPM
Vitoria da Conquista,Queimadas,92ª CIPM
Vitoria da Conquista,Rancho Alegre,92ª CIPM
Vitoria da Conquista,São Joaquim,92ª CIPM
Vitoria da Conquista,São Joaquim Barrocas,92ª CIPM
Vitoria da Conquista,Saquinho,92ª CIPM
Vitoria da Conquista,Serra do Marçal,92ª CIPM
Vitoria da Conquista,Simão,92ª CIPM
Vitoria da Conquista,Sossego,92ª CIPM
Vitoria da Conquista,Tabocas Bahiana,92ª CIPM
Vitoria da Conquista,Taboleiro Bahiana,92ª CIPM
Vitoria da Conquista,Tigre,92ª CIPM
Vitoria da Conquista,Umburana,92ª CIPM
Vitoria da Conquista,Vereda Grande,92ª CIPM
Vitoria da Conquista,Vereda Progresso,92ª CIPM
Vitoria da Conquista,Centro,77ª CIPM
Vitoria da Conquista,Sumare,77ª CIPM
Vitoria da Conquista,Iracema,77ª CIPM
Vitoria da Conquista,Guarani,77ª CIPM
Vitoria da Conquista,Cruzeiro,77ª CIPM
Vitoria da Conquista,Recreio,77ª CIPM
Vitoria da Conquista,Alto Maron,77ª CIPM
Vitoria da Conquista,Flamengo,77ª CIPM
Vitoria da Conquista,Santa Cecília,77ª CIPM
Vitoria da Conquista,Pedrinhas,77ª CIPM
Vitoria da Conquista,Panorama,77ª CIPM
Vitoria da Conquista,Candeias,77ª CIPM
Vitoria da Conquista,URBIS I,77ª CIPM
Vitoria da Conquista,Primavera,77ª CIPM
Vitoria da Conquista,Morada do Bem Querer,77ª CIPM
Vitoria da Conquista,Loteamento Universidade,77ª CIPM
Vitoria da Conquista,Jardim Guanabara,77ª CIPM
Vitoria da Conquista,Bela Vista,77ª CIPM
Vitoria da Conquista,Morada dos Pássaros,77ª CIPM
Vitoria da Conquista,Alto da Boa Vista,77ª CIPM
Vitoria da Conquista,Vila América,77ª CIPM
Vitoria da Conquista,URBIS VI,77ª CIPM
Vitoria da Conquista,Morada Real,77ª CIPM
Vitoria da Conquista,Renato Magalhães,77ª CIPM
Vitoria da Conquista,Vila Elisa,77ª CIPM
Vitoria da Conquista,Espírito Santo,77ª CIPM
Vitoria da Conquista,São Vicente,77ª CIPM
Vitoria da Conquista,Vila Bonita,77ª CIPM
Vitoria da Conquista,Bosque dos Pássaros,77ª CIPM
Vitoria da Conquista,Esplanada do Parque,77ª CIPM
Vitoria da Conquista,Ibirapuera,78ª CIPM
Vitoria da Conquista,Bairro Brasil,78ª CIPM
Vitoria da Conquista,Senhora Aparecida,78ª CIPM
Vitoria da Conquista,Bruno Bacelar,78ª CIPM
Vitoria da Conquista,Nenzinha Santos,78ª CIPM
Vitoria da Conquista,Bairro Alegria,78ª CIPM
Vitoria da Conquista,Santa Cruz,78ª CIPM
Vitoria da Conquista,Urbis II,78ª CIPM
Vitoria da Conquista,Urbis III,78ª CIPM
Vitoria da Conquista,Urbis IV,78ª CIPM
Vitoria da Conquista,Urbis V,78ª CIPM
Vitoria da Conquista,Cidade Maravilhosa,78ª CIPM
Vitoria da Conquista,Vila Serrana,78ª CIPM
Vitoria da Conquista,Sobradinho,78ª CIPM
Vitoria da Conquista,Senhorinha Cairo,78ª CIPM
Vitoria da Conquista,Miro Cairo,78ª CIPM
Vitoria da Conquista,Terras do Remanso,78ª CIPM
Vitoria da Conquista,Cidade Modelo,78ª CIPM
Vitoria da Conquista,Recanto das Águas,78ª CIPM
Vitoria da Conquista,São Pedro,78ª CIPM
Vitoria da Conquista,Patagonia,78ª CIPM
Vitoria da Conquista,Kadija,78ª CIPM
Vitoria da Conquista,Coveima I,78ª CIPM
Vitoria da Conquista,Coveima II,78ª CIPM
Vitoria da Conquista,Morada Nova,78ª CIPM
Vitoria da Conquista,Santa Terezinha,78ª CIPM
Vitoria da Conquista,Jardim Valéria,78ª CIPM
Vitoria da Conquista,Jardim Copacabana,78ª CIPM
Vitoria da Conquista,Loteamento das Acácias,78ª CIPM
Vitoria da Conquista,Alvorada,78ª CIPM
Vitoria da Conquista,Bateias,78ª CIPM
Vitoria da Conquista,Cidade Serrana,78ª CIPM
Vitoria da Conquista,Henrique Prates,78ª CIPM
Barreiras,Barreirinhas,84ª CIPM
Barreiras,São Pedro,84ª CIPM
Barreiras,Morada Nobre,84ª CIPM
Barreiras,Bela Vistas,84ª CIPM
Barreiras,Santo Antônio,84ª CIPM
Barreiras,Vila Rica,84ª CIPM
Barreiras,Vila dos Funcionários,84ª CIPM
Barreiras,Vila dos Soldados,84ª CIPM
Barreiras,Vila Amorim,84ª CIPM
Barreiras,Barreiras I,84ª CIPM
Barreiras,São Sebastião,84ª CIPM
Barreiras,Conj. Arboreto I,84ª CIPM
Barreiras,Conj. Hab. São Francisco,84ª CIPM
Barreiras,Nova Conquista,84ª CIPM
Barreiras,Cascalheira,84ª CIPM
Barreiras,Parque das Águas,84ª CIPM
Barreiras,Conquista,84ª CIPM
Barreiras,Cachoeira do Acaba Vida,84ª CIPM
Barreiras,Cantinho do Sr. dos Aflitos,84ª CIPM
Barreiras,Cercadão,84ª CIPM
Barreiras,Nanica,84ª CIPM
Barreiras,Placas,84ª CIPM
Barreiras,Angélica Ayres,84ª CIPM
Barreiras,Alphaville,83ª CIPM
Barreiras,Antonio Geral,83ª CIPM
Barreiras,Aratu,83ª CIPM
Barreiras,Bandeirantes,83ª CIPM
Barreiras,Boa Sorte,83ª CIPM
Barreiras,Buritis,83ª CIPM
Barreiras,Centro,83ª CIPM
Barreiras,Cidade Nova,83ª CIPM
Barreiras,Firenze,83ª CIPM
Barreiras,Flamengo,83ª CIPM
Barreiras,Jardim Ouro Branco,83ª CIPM
Barreiras,Jardim Vitória,83ª CIPM
Barreiras,JK,83ª CIPM
Barreiras,Jardins,83ª CIPM
Barreiras,Mimoso,83ª CIPM
Barreiras,Morada da Lua,83ª CIPM
Barreiras,Novo Horizonte,83ª CIPM
Barreiras,Parque Santa Lúcia,83ª CIPM
Barreiras,Recanto dos Pássaros,83ª CIPM
Barreiras,Renato Gonçalves,83ª CIPM
Barreiras,Ribeirão,83ª CIPM
Barreiras,Rio Grande,83ª CIPM
Barreiras,Sandra Regina,83ª CIPM
Barreiras,Santa Luzia,83ª CIPM
Barreiras,São Miguel,83ª CIPM
Barreiras,São Paulo,83ª CIPM
Barreiras,Serra do Mimo,83ª CIPM
Barreiras,Sombra da Tarde,83ª CIPM
Barreiras,Vila Brasil,83ª CIPM
Barreiras,Vila Dulce,83ª CIPM
Barreiras,Vila Juri,83ª CIPM
Barreiras,Vila Nova,83ª CIPM
Barreiras,Vila Regina,83ª CIPM
Barreiras,Arraial da Penha,83ª CIPM
Barreiras,Pov. Conquista,83ª CIPM
Barreiras,Bezerro,83ª CIPM
Barreiras,Correio,83ª CIPM
Barreiras,Alto da Bela Vista,83ª CIPM
Barreiras,Tabua Dàgua Vermelha,83ª CIPM
Barreiras,Barauna,83ª CIPM
Barreiras,Tatu,83ª CIPM
Barreiras,Barreiras Norte,83ª CIPM
Barreiras,Barreiras Sul,83ª CIPM
Barreiras,Buracão,83ª CIPM
Barreiras,Rio de Pedras,83ª CIPM
Barreiras,Buqueirão do Ciriaco,83ª CIPM
Barreiras,Buqueirão do Rodrigues,83ª CIPM
Barreiras,KM 30,83ª CIPM
Barreiras,Barrocão de Baixo,83ª CIPM
Barreiras,Barrocão de Cima,83ª CIPM
Barreiras,Mucambo,83ª CIPM
Barreiras,Gameleira,83ª CIPM
Juazeiro,Água Bela,73ª CIPM
Juazeiro,Alagadico,73ª CIPM
Juazeiro,Alto da Maravilha,73ª CIPM
Juazeiro,Angari,73ª CIPM
Juazeiro,Cajueiro,73ª CIPM
Juazeiro,Centenário,73ª CIPM
Juazeiro,Centro,73ª CIPM
Juazeiro,Coreia,73ª CIPM
Juazeiro,Country Club,73ª CIPM
Juazeiro,Expedito Nascimento,73ª CIPM
Juazeiro,Jardim Flórida,73ª CIPM
Juazeiro,Jardim Universitário,73ª CIPM
Juazeiro,Jardim Vitória,73ª CIPM
Juazeiro,Lomanto Junior,73ª CIPM
Juazeiro,Maria Goreti,73ª CIPM
Juazeiro,Maringa,73ª CIPM
Juazeiro,Mussambe,73ª CIPM
Juazeiro,Nossa Sra da Penha,73ª CIPM
Juazeiro,Nossa Sra das Grotas,73ª CIPM
Juazeiro,Jardim Novo Encontro,73ª CIPM
Juazeiro,Olaria,73ª CIPM
Juazeiro,Palmares,73ª CIPM
Juazeiro,Palmares II,73ª CIPM
Juazeiro,Park Centenário,73ª CIPM
Juazeiro,Pedra do Lord,73ª CIPM
Juazeiro,Porto Fluvial,73ª CIPM
Juazeiro,Quide,73ª CIPM
Juazeiro,Santo Antonio,73ª CIPM
Juazeiro,São Geraldo,73ª CIPM
Juazeiro,Abobora,74ª CIPM
Juazeiro,Açude da Rancharia,74ª CIPM
Juazeiro,Angical,74ª CIPM
Juazeiro,Angico,74ª CIPM
Juazeiro,Aterro Sanitário,74ª CIPM
Juazeiro,Baraúna,74ª CIPM
Juazeiro,Barrinha da Conceição,74ª CIPM
Juazeiro,Bom Conselho,74ª CIPM
Juazeiro,Boqueirão,74ª CIPM
Juazeiro,Cachoeirinha,74ª CIPM
Juazeiro,Campo dos Cavalos,74ª CIPM
Juazeiro,Cantinho,74ª CIPM
Juazeiro,Carnaíba do Sertão,74ª CIPM
Juazeiro,Conchas,74ª CIPM
Juazeiro,Fazenda Bela Vista,74ª CIPM
Juazeiro,Fazenda Manoel Joaquim,74ª CIPM
Juazeiro,Frade,74ª CIPM
Juazeiro,Goiabeira,74ª CIPM
Juazeiro,Gunhaes,74ª CIPM
Juazeiro,Itaci,74ª CIPM
Juazeiro,Itamotinga,74ª CIPM
Juazeiro,Itaparica,74ª CIPM
Juazeiro,Jamarataia,74ª CIPM
Juazeiro,Jazida VII,74ª CIPM
Juazeiro,Jua,74ª CIPM
Juazeiro,Junco,74ª CIPM
Juazeiro,Jurema Vermelha,74ª CIPM
Juazeiro,Juremal,74ª CIPM
Juazeiro,Juremal I,74ª CIPM
Juazeiro,Lagoa da Pedra,74ª CIPM
Juazeiro,Lagoa das Pedras dos Grilos,74ª CIPM
Juazeiro,Lagoa do Boi,74ª CIPM
Juazeiro,Lagoa do Padre,74ª CIPM
Juazeiro,Lajes,74ª CIPM
Juazeiro,Lajinha,74ª CIPM
Juazeiro,Lealdade,74ª CIPM
Juazeiro,Leandro,74ª CIPM
Juazeiro,Mandacaru,74ª CIPM
Juazeiro,Mandacaru II,74ª CIPM
Juazeiro,Maniçoba,74ª CIPM
Juazeiro,Maniçoba Velha,74ª CIPM
Juazeiro,Massaroca,74ª CIPM
Juazeiro,Morrão,74ª CIPM
Juazeiro,Mulungu,74ª CIPM
Juazeiro,Passagem do Sargento,74ª CIPM
Juazeiro,Periquito,74ª CIPM
Juazeiro,Pinhões,74ª CIPM
Juazeiro,Poço do AngicoI,74ª CIPM
Juazeiro,Poções,74ª CIPM
Juazeiro,Pontal,74ª CIPM
Juazeiro,Pov. De Areias,74ª CIPM
Juazeiro,Pov. De JAcaré,74ª CIPM
Juazeiro,Pov. De Jatobá,74ª CIPM
Juazeiro,Pov. De Sertaozinho,74ª CIPM
Juazeiro,Pov. Dos Campos,74ª CIPM
Juazeiro,Pov. São Gonçalo,74ª CIPM
Juazeiro,Proj. Curaça Nucleo I,74ª CIPM
Juazeiro,Proj. Curaça Nucleo II,74ª CIPM
Juazeiro,Proj. Curaça Nucleo III,74ª CIPM
Juazeiro,Quipá,74ª CIPM
Juazeiro,Rocinha,74ª CIPM
Juazeiro,Rodeadouro,74ª CIPM
Juazeiro,Salitre,74ª CIPM
Juazeiro,São José,74ª CIPM
Juazeiro,Sariema,74ª CIPM
Juazeiro,Serra da Batateira,74ª CIPM
Juazeiro,Serra dos Badecas,74ª CIPM
Juazeiro,Serra Preta,74ª CIPM
Juazeiro,Tanque Novo,74ª CIPM
Juazeiro,Umbuzeiro,74ª CIPM
Juazeiro,Vila Nova Fé,74ª CIPM
Juazeiro,Antônio Guilhermino,74ª CIPM
Juazeiro,Distrito Industrial,74ª CIPM
Juazeiro,João Paulo II,74ª CIPM
Juazeiro,Parque Residencial,74ª CIPM
Juazeiro,Praia do Rodeadouro,74ª CIPM
Juazeiro,Residencial Brisa da Serra,74ª CIPM
Juazeiro,Resid. Morada do Salitre,74ª CIPM
Juazeiro,Resid. Praia do Rodeadouro,74ª CIPM
Juazeiro,Alto do Alencar,75ª CIPM
Juazeiro,Alto do Cruzeiro,75ª CIPM
Juazeiro,Area 5 Agrovale,75ª CIPM
Juazeiro,Barranqueiro,75ª CIPM
Juazeiro,Castelo Branco,75ª CIPM
Juazeiro,Delta Park,75ª CIPM
Juazeiro,Dom Thomaz,75ª CIPM
Juazeiro,Estrada da Adutora,75ª CIPM
Juazeiro,Itaberaba,75ª CIPM
Juazeiro,Jardim Primavera,75ª CIPM
Juazeiro,João XXIII,75ª CIPM
Juazeiro,Monte Castelo,75ª CIPM
Juazeiro,Monte Serrat,75ª CIPM
Juazeiro,Residencial Juazeiro I,75ª CIPM
Juazeiro,Residencial Juazeiro II,75ª CIPM
Juazeiro,Sol Levante,75ª CIPM
Juazeiro,Sol Nascente,75ª CIPM
Juazeiro,Tabuleiror,75ª CIPM
Juazeiro,Tancredo Neves,75ª CIPM
Juazeiro,Mandacaru I,75ª CIPM
Juazeiro,Piranga II,75ª CIPM
Juazeiro,Porto,75ª CIPM
Juazeiro,Povoado de Barrinha,75ª CIPM
Juazeiro,Resid. São Francisco,75ª CIPM
Juazeiro,Vila Tiradentes,75ª CIPM
Juazeiro,Resid. Dr. Humberto,75ª CIPM
Juazeiro,Resid. Mairi,75ª CIPM
