municipio;cpr;unidade;status
Abaíra;CPR-CH;29ª CIPM/SEABRA;MAPEADO
Abaré;CPR-N;45ª CIPM/CURAÇA;MAPEADO
Acajutiba;CPR-LN;6ª CIPM/RIO REAL;MAPEADO
Adustina;CPR-NE;21ª CIPM/CIPÓ;MAPEADO
Água Fria;CPR-L;97ª CIPM/IRARÁ;MAPEADO
Érico Cardoso;CPR-SO;46ª CIPM/LIVRAMENTO DE NOSSA SRA;MAPEADO
Aiquara;CPR-MRC;55ª CIPM/IPIAÚ;MAPEADO
Alagoinhas;CPR-LN;4º BPM/ALAGOINHAS;MAPEADO
Alcobaça;CPR-ES;88ª CIPM/ALCOBAÇA;MAPEADO
Almadina;CPR-S;15º BPM/ITABUNA;MAPEADO
Amargosa;CPR-R;99ª CIPM/AMARGOSA;MAPEADO
Amélia Rodrigues;CPR-L;66ª CIPM/CONCEIÇÃO DO JACUÍPE;MAPEADO
América Dourada;CPR-CN;3ª CIPM/MORRO DO CHAPÉU;MAPEADO
Anagé;CPR-SO;24º BPM/BRUMADO;MAPEADO
Andaraí;CPR-CH;42ª CIPM/LENÇÓIS;MAPEADO
Andorinha;CPR-N;6º BPM/SENHOR DO BONFIM;MAPEADO
Angical;CPR-O;84ª CIPM/BARREIRAS;MAPEADO
Anguera;CPR-L;57ª CIPM/SANTO ESTEVÃO;MAPEADO
Antas;CPR-NE;20º BPM/PAULO AFONSO;MAPEADO
Antônio Cardoso;CPR-L;57ª CIPM/SANTO ESTEVÃO;MAPEADO
Antônio Gonçalves;CPR-N;54ª CIPM/CAMPO FORMOSO;MAPEADO
Aporá;CPR-LN;6ª CIPM/RIO REAL;MAPEADO
Apuarema;CPR-MRC;19º BPM/JEQUIÉ;MAPEADO
Aracatu;CPR-SO;24º BPM/BRUMADO;MAPEADO
Araçás;CPR-LN;4º BPM/ALAGOINHAS;MAPEADO
Araci;CPR-NE;16º BPM/SERRINHA;MAPEADO
Aramari;CPR-LN;4º BPM/ALAGOINHAS;MAPEADO
Arataca;CPR-S;62ª CIPM/CAMACAN;MAPEADO
Aratuípe;CPR-R;14º BPM/SANTO ANTÔNIO DE JESUS;MAPEADO
Aurelino Leal;CPR-S;61ª CIPM/UBAITABA;MAPEADO
Baianópolis;CPR-O;83ª CIPM/BARREIRAS;MAPEADO
Baixa Grande;CPR-CH;98ª CIPM/IPIRÁ;MAPEADO
Banzaê;CPR-NE;21ª CIPM/CIPÓ;MAPEADO
Barra;CPR-MO;28ª CIPM/IBOTIRAMA;MAPEADO
Barra da Estiva;CPR-SO;24º BPM/BRUMADO;MAPEADO
Barra do Choça;CPR-SO;92ª CIPM/VITÓRIA DA CONQUISTA;MAPEADO
Barra do Mendes;CPR-CN;7º BPM/IRECÊ;MAPEADO
Barra do Rocha;CPR-MRC;55ª CIPM/IPIAÚ;MAPEADO
Barreiras;CPR-O;83ª CIPM/BARREIRAS | 84ª CIPM/BARREIRAS;MULTIPLA
Barro Alto;CPR-CN;7º BPM/IRECÊ;MAPEADO
Barrocas;CPR-NE;16º BPM/SERRINHA;MAPEADO
Barro Preto;CPR-S;15º BPM/ITABUNA;MAPEADO
Belmonte;CPR-ES;8º BPM/PORTO SEGURO;MAPEADO
Belo Campo;CPR-SO;80ª CIPM/CANDIDO SALES;MAPEADO
Biritinga;CPR-NE;16º BPM/SERRINHA;MAPEADO
Boa Nova;CPR-MRC;55ª CIPM/IPIAÚ;MAPEADO
Boa Vista do Tupim;CPR-CH;11º BPM/ITABERABA;MAPEADO
Bom Jesus da Lapa;CPR-MO;38ª CIPM/BOM JESUS DA LAPA;MAPEADO
Bom Jesus da Serra;CPR-SO;79ª CIPM/POÇÕES;MAPEADO
Boninal;CPR-CH;29ª CIPM/SEABRA;MAPEADO
Bonito;CPR-CN;3ª CIPM/MORRO DO CHAPÉU;MAPEADO
Boquira;CPR-MO;4ª CIPM/MACAÚBAS;MAPEADO
Botuporã;CPR-MO;4ª CIPM/MACAÚBAS;MAPEADO
Brejões;CPR-R;99ª CIPM/AMARGOSA;MAPEADO
Brejolândia;CPR-O;30ª CIPM/SANTA MARIA DA VITÓRIA;MAPEADO
Brotas de Macaúbas;CPR-MO;28ª CIPM/IBOTIRAMA;MAPEADO
Brumado;CPR-SO;24º BPM/BRUMADO;MAPEADO
Buerarema;CPR-S;15º BPM/ITABUNA;MAPEADO
Buritirama;CPR-MO;28ª CIPM/IBOTIRAMA;MAPEADO
Caatiba;CPR-S;8ª CIPM/ITAPETINGA;MAPEADO
Cabaceiras do Paraguaçu;CPR-R;27ª CIPM/CRUZ DAS ALMAS;MAPEADO
Cachoeira;CPR-R;85ª CIPM/CACHOEIRA;MAPEADO
Caculé;CPR-MO;94ª CIPM/CAETITÉ;MAPEADO
Caém;CPR-CH;29º BPM/JACOBINA;MAPEADO
Caetanos;CPR-SO;79ª CIPM/POÇÕES;MAPEADO
Caetité;CPR-MO;94ª CIPM/CAETITÉ;MAPEADO
Cafarnaum;CPR-CN;3ª CIPM/MORRO DO CHAPÉU;MAPEADO
Cairu;CPR-R;31º BPM/VALENÇA;MAPEADO
Caldeirão Grande;CPR-N;6º BPM/SENHOR DO BONFIM;MAPEADO
Camacan;CPR-S;62ª CIPM/CAMACAN;MAPEADO
Camaçari;CPRMS;12º BPM/CAMAÇARI | 59ª CIPM/VILA DE ABRANTES;MULTIPLA
Camamu;CPR-R;31º BPM/VALENÇA;MAPEADO
Campo Alegre de Lourdes;CPR-N;25ª CIPM/CASA NOVA;MAPEADO
Campo Formoso;CPR-N;54ª CIPM/CAMPO FORMOSO;MAPEADO
Canápolis;CPR-O;30ª CIPM/SANTA MARIA DA VITÓRIA;MAPEADO
Canarana;CPR-CN;7º BPM/IRECÊ;MAPEADO
Canavieiras;CPR-S;71ª CIPM/CANAVIEIRAS;MAPEADO
Candeal;CPR-NE;16º BPM/SERRINHA;MAPEADO
Candeias;CPRMS;26º BPM/CANDEIAS;MAPEADO
Candiba;CPR-MO;17º BPM/GUANAMBI;MAPEADO
Cândido Sales;CPR-SO;80ª CIPM/CANDIDO SALES;MAPEADO
Cansanção;CPR-NE;7ª CIPM/MONTE SANTO;MAPEADO
Canudos;CPR-NE;5º BPM/EUCLIDES DA CUNHA;MAPEADO
Capela do Alto Alegre;CPR-CH;90ª CIPM/RIACHÃO DO JACUÍPE;MAPEADO
Capim Grosso;CPR-CH;91ª CIPM/CAPIM GROSSO;MAPEADO
Caraíbas;CPR-SO;24º BPM/BRUMADO;MAPEADO
Caravelas;CPR-ES;88ª CIPM/ALCOBAÇA;MAPEADO
Cardeal da Silva;CPR-LN;56ª CIPM/ENTRE RIOS;MAPEADO
Carinhanha;CPR-MO;38ª CIPM/BOM JESUS DA LAPA;MAPEADO
Casa Nova;CPR-N;25ª CIPM/CASA NOVA;MAPEADO
Castro Alves;CPR-R;27ª CIPM/CRUZ DAS ALMAS;MAPEADO
Catolândia;CPR-O;83ª CIPM/BARREIRAS;MAPEADO
Catu;CPR-LN;95ª CIPM/CATU;MAPEADO
Caturama;CPR-MO;4ª CIPM/MACAÚBAS;MAPEADO
Central;CPR-CN;10ª CIPM/XIQUE-XIQUE;MAPEADO
Chorrochó;CPR-N;45ª CIPM/CURAÇA;MAPEADO
Cícero Dantas;CPR-NE;21ª CIPM/CIPÓ;MAPEADO
Cipó;CPR-NE;21ª CIPM/CIPÓ;MAPEADO
Coaraci;CPR-S;15º BPM/ITABUNA;MAPEADO
Cocos;CPR-O;30ª CIPM/SANTA MARIA DA VITÓRIA;MAPEADO
Conceição da Feira;CPR-L;67ª CIPM/FEIRA DE SANTANA;MAPEADO
Conceição do Almeida;CPR-R;14º BPM/SANTO ANTÔNIO DE JESUS;MAPEADO
Conceição do Coité;CPR-NE;16º BPM/SERRINHA;MAPEADO
Conceição do Jacuípe;CPR-L;66ª CIPM/CONCEIÇÃO DO JACUÍPE;MAPEADO
Conde;CPR-LN;51ª CIPM/CONDE;MAPEADO
Condeúba;CPR-SO;80ª CIPM/CANDIDO SALES;MAPEADO
Contendas do Sincorá;CPR-SO;24º BPM/BRUMADO;MAPEADO
Coração de Maria;CPR-L;97ª CIPM/IRARÁ;MAPEADO
Cordeiros;CPR-SO;80ª CIPM/CANDIDO SALES;MAPEADO
Coribe;CPR-O;30ª CIPM/SANTA MARIA DA VITÓRIA;MAPEADO
Coronel João Sá;CPR-NE;20º BPM/PAULO AFONSO;MAPEADO
Correntina;CPR-O;30ª CIPM/SANTA MARIA DA VITÓRIA;MAPEADO
Cotegipe;CPR-O;84ª CIPM/BARREIRAS;MAPEADO
Cravolândia;CPR-MRC;19º BPM/JEQUIÉ;MAPEADO
Crisópolis;CPR-LN;6ª CIPM/RIO REAL;MAPEADO
Cristópolis;CPR-O;83ª CIPM/BARREIRAS;MAPEADO
Cruz das Almas;CPR-R;27ª CIPM/CRUZ DAS ALMAS;MAPEADO
Curaçá;CPR-N;45ª CIPM/CURAÇA;MAPEADO
Dário Meira;CPR-MRC;55ª CIPM/IPIAÚ;MAPEADO
Dias d'Ávila;CPRMS;36ª CIPM/DIAS D'ÁVILA;MAPEADO
Dom Basílio;CPR-SO;46ª CIPM/LIVRAMENTO DE NOSSA SRA;MAPEADO
Dom Macedo Costa;CPR-R;14º BPM/SANTO ANTÔNIO DE JESUS;MAPEADO
Elísio Medrado;CPR-R;99ª CIPM/AMARGOSA;MAPEADO
Encruzilhada;CPR-SO;80ª CIPM/CANDIDO SALES;MAPEADO
Entre Rios;CPR-LN;56ª CIPM/ENTRE RIOS;MAPEADO
Esplanada;CPR-LN;56ª CIPM/ENTRE RIOS;MAPEADO
Euclides da Cunha;CPR-NE;5º BPM/EUCLIDES DA CUNHA;MAPEADO
Eunápolis;CPR-ES;28º BPM/EUNÁPOLIS;MAPEADO
Fátima;CPR-NE;21ª CIPM/CIPÓ;MAPEADO
Feira da Mata;CPR-MO;38ª CIPM/BOM JESUS DA LAPA;MAPEADO
Feira de Santana;CPR-L;25º BPM/FEIRA DE SANTANA | 64ª E 65ª CIPM/FEIRA DE SANTANA | 67ª CIPM/FEIRA DE SANTANA;MULTIPLA
Filadélfia;CPR-N;6º BPM/SENHOR DO BONFIM;MAPEADO
Firmino Alves;CPR-S;8ª CIPM/ITAPETINGA;MAPEADO
Floresta Azul;CPR-S;63ª CIPM/IBICARAÍ;MAPEADO
Formosa do Rio Preto;CPR-O;86ª CIPM/FORMOSA DO RIO PRETO;MAPEADO
Gandu;CPR-R;60ª CIPM/GANDU;MAPEADO
Gavião;CPR-CH;91ª CIPM/CAPIM GROSSO;MAPEADO
Gentio do Ouro;CPR-CN;10ª CIPM/XIQUE-XIQUE;MAPEADO
Glória;CPR-NE;20º BPM/PAULO AFONSO;MAPEADO
Gongogi;CPR-S;61ª CIPM/UBAITABA;MAPEADO
Governador Mangabeira;CPR-R;27ª CIPM/CRUZ DAS ALMAS;MAPEADO
Guajeru;CPR-SO;24º BPM/BRUMADO;MAPEADO
Guanambi;CPR-MO;17º BPM/GUANAMBI;MAPEADO
Guaratinga;CPR-ES;28º BPM/EUNÁPOLIS;MAPEADO
Heliópolis;CPR-NE;21ª CIPM/CIPÓ;MAPEADO
Iaçu;CPR-CH;11º BPM/ITABERABA;MAPEADO
Ibiassucê;CPR-MO;94ª CIPM/CAETITÉ;MAPEADO
Ibicaraí;CPR-S;63ª CIPM/IBICARAÍ;MAPEADO
Ibicoara;CPR-CH;11º BPM/ITABERABA;MAPEADO
Ibicuí;CPR-S;8ª CIPM/ITAPETINGA;MAPEADO
Ibipeba;CPR-CN;7º BPM/IRECÊ;MAPEADO
Ibipitanga;CPR-MO;4ª CIPM/MACAÚBAS;MAPEADO
Ibiquera;CPR-CH;42ª CIPM/LENÇÓIS;MAPEADO
Ibirapitanga;CPR-S;61ª CIPM/UBAITABA;MAPEADO
Ibirapuã;CPR-ES;44ª CIPM/MEDEIROS NETO;MAPEADO
Ibirataia;CPR-MRC;55ª CIPM/IPIAÚ;MAPEADO
Ibitiara;CPR-CH;29ª CIPM/SEABRA;MAPEADO
Ibititá;CPR-CN;7º BPM/IRECÊ;MAPEADO
Ibotirama;CPR-MO;28ª CIPM/IBOTIRAMA;MAPEADO
Ichu;CPR-NE;16º BPM/SERRINHA;MAPEADO
Igaporã;CPR-MO;38ª CIPM/BOM JESUS DA LAPA;MAPEADO
Igrapiúna;CPR-R;31º BPM/VALENÇA;MAPEADO
Iguaí;CPR-S;8ª CIPM/ITAPETINGA;MAPEADO
Ilhéus;CPR-S;68, 69 E 70ª CIPM/ILHÉUS;MULTIPLA
Inhambupe;CPR-LN;4º BPM/ALAGOINHAS;MAPEADO
Ipecaetá;CPR-L;57ª CIPM/SANTO ESTEVÃO;MAPEADO
Ipiaú;CPR-MRC;55ª CIPM/IPIAÚ;MAPEADO
Ipirá;CPR-CH;98ª CIPM/IPIRÁ;MAPEADO
Ipupiara;CPR-CN;10ª CIPM/XIQUE-XIQUE;MAPEADO
Irajuba;CPR-MRC;93ª CIPM/MARACÁS;MAPEADO
Iramaia;CPR-MRC;93ª CIPM/MARACÁS;MAPEADO
Iraquara;CPR-CH;29ª CIPM/SEABRA;MAPEADO
Irará;CPR-L;97ª CIPM/IRARÁ;MAPEADO
Irecê;CPR-CN;7º BPM/IRECÊ;MAPEADO
Itabela;CPR-ES;28º BPM/EUNÁPOLIS;MAPEADO
Itaberaba;CPR-CH;11º BPM/ITABERABA;MAPEADO
Itabuna;CPR-S;15º BPM/ITABUNA;MAPEADO
Itacaré;CPR-S;72ª CIPM/ITACARÉ;MAPEADO
Itaeté;CPR-CH;11º BPM/ITABERABA;MAPEADO
Itagi;CPR-MRC;19º BPM/JEQUIÉ;MAPEADO
Itagibá;CPR-MRC;55ª CIPM/IPIAÚ;MAPEADO
Itagimirim;CPR-ES;28º BPM/EUNÁPOLIS;MAPEADO
Itaguaçu da Bahia;CPR-CN;10ª CIPM/XIQUE-XIQUE;MAPEADO
Itaju do Colônia;CPR-S;63ª CIPM/IBICARAÍ;MAPEADO
Itajuípe;CPR-S;15º BPM/ITABUNA;MAPEADO
Itamaraju;CPR-ES;43ª CIPM/ITAMARAJU;MAPEADO
Itamari;CPR-MRC;19º BPM/JEQUIÉ;MAPEADO
Itambé;CPR-S;8ª CIPM/ITAPETINGA;MAPEADO
Itanagra;CPR-LN;4º BPM/ALAGOINHAS;MAPEADO
Itanhém;CPR-ES;44ª CIPM/MEDEIROS NETO;MAPEADO
Itaparica;CPR-R;23º BPM/VERA CRUZ;MAPEADO
Itapé;CPR-S;63ª CIPM/IBICARAÍ;MAPEADO
Itapebi;CPR-ES;28º BPM/EUNÁPOLIS;MAPEADO
Itapetinga;CPR-S;8ª CIPM/ITAPETINGA;MAPEADO
Itapicuru;CPR-LN;6ª CIPM/RIO REAL;MAPEADO
Itapitanga;CPR-S;15º BPM/ITABUNA;MAPEADO
Itaquara;CPR-MRC;19º BPM/JEQUIÉ;MAPEADO
Itarantim;CPR-S;8ª CIPM/ITAPETINGA;MAPEADO
Itatim;CPR-CH;11º BPM/ITABERABA;MAPEADO
Itiruçu;CPR-MRC;93ª CIPM/MARACÁS;MAPEADO
Itiúba;CPR-NE;7ª CIPM/MONTE SANTO;MAPEADO
Itororó;CPR-S;8ª CIPM/ITAPETINGA;MAPEADO
Ituaçu;CPR-SO;24º BPM/BRUMADO;MAPEADO
Ituberá;CPR-R;31º BPM/VALENÇA;MAPEADO
Iuiu;CPR-MO;17º BPM/GUANAMBI;MAPEADO
Jaborandi;CPR-O;30ª CIPM/SANTA MARIA DA VITÓRIA;MAPEADO
Jacaraci;CPR-MO;94ª CIPM/CAETITÉ;MAPEADO
Jacobina;CPR-CH;29º BPM/JACOBINA;MAPEADO
Jaguaquara;CPR-MRC;19º BPM/JEQUIÉ;MAPEADO
Jaguarari;CPR-N;6º BPM/SENHOR DO BONFIM;MAPEADO
Jaguaripe;CPR-R;14º BPM/SANTO ANTÔNIO DE JESUS;MAPEADO
Jandaíra;CPR-LN;51ª CIPM/CONDE;MAPEADO
Jequié;CPR-MRC;19º BPM/JEQUIÉ;MAPEADO
Jeremoabo;CPR-NE;20º BPM/PAULO AFONSO;MAPEADO
Jiquiriçá;CPR-R;99ª CIPM/AMARGOSA;MAPEADO
Jitaúna;CPR-MRC;19º BPM/JEQUIÉ;MAPEADO
João Dourado;CPR-CN;7º BPM/IRECÊ;MAPEADO
Juazeiro;CPR-N;73ª, 74ª, 75ª E 76ª CIPM/JUAZEIRO;MULTIPLA
Jucuruçu;CPR-ES;43ª CIPM/ITAMARAJU;MAPEADO
Jussara;CPR-CN;7º BPM/IRECÊ;MAPEADO
Jussari;CPR-S;62ª CIPM/CAMACAN;MAPEADO
Jussiape;CPR-SO;46ª CIPM/LIVRAMENTO DE NOSSA SRA;MAPEADO
Lafaiete Coutinho;CPR-MRC;93ª CIPM/MARACÁS;MAPEADO
Lagoa Real;CPR-MO;94ª CIPM/CAETITÉ;MAPEADO
Laje;CPR-R;14º BPM/SANTO ANTÔNIO DE JESUS;MAPEADO
Lajedão;CPR-ES;44ª CIPM/MEDEIROS NETO;MAPEADO
Lajedinho;CPR-CH;11º BPM/ITABERABA;MAPEADO
Lajedo do Tabocal;CPR-MRC;93ª CIPM/MARACÁS;MAPEADO
Lamarão;CPR-NE;16º BPM/SERRINHA;MAPEADO
Lapão;CPR-CN;7º BPM/IRECÊ;MAPEADO
Lauro de Freitas;CPRMS;52ª CIPM/LAURO DE FREITAS | 81ª CIPM/ITINGA;MULTIPLA
Lençóis;CPR-CH;42ª CIPM/LENÇÓIS;MAPEADO
Licínio de Almeida;CPR-MO;94ª CIPM/CAETITÉ;MAPEADO
Livramento de Nossa Senhora;CPR-SO;46ª CIPM/LIVRAMENTO DE NOSSA SRA;MAPEADO
Luís Eduardo Magalhães;CPR-O;27º BPM/LUÍS EDUARDO MAGALHÃES;MAPEADO
Macajuba;CPR-CH;11º BPM/ITABERABA;MAPEADO
Macarani;CPR-S;8ª CIPM/ITAPETINGA;MAPEADO
Macaúbas;CPR-MO;4ª CIPM/MACAÚBAS;MAPEADO
Macururé;CPR-N;45ª CIPM/CURAÇA;MAPEADO
Madre de Deus;CPRMS;26º BPM/CANDEIAS;MAPEADO
Maetinga;CPR-SO;24º BPM/BRUMADO;MAPEADO
Maiquinique;CPR-S;8ª CIPM/ITAPETINGA;MAPEADO
Mairi;CPR-CH;91ª CIPM/CAPIM GROSSO;MAPEADO
Malhada;CPR-MO;38ª CIPM/BOM JESUS DA LAPA;MAPEADO
Malhada de Pedras;CPR-SO;24º BPM/BRUMADO;MAPEADO
Manoel Vitorino;CPR-MRC;19º BPM/JEQUIÉ;MAPEADO
Mansidão;CPR-O;86ª CIPM/FORMOSA DO RIO PRETO;MAPEADO
Maracás;CPR-MRC;93ª CIPM/MARACÁS;MAPEADO
Maragogipe;CPR-R;85ª CIPM/CACHOEIRA;MAPEADO
Maraú;CPR-S;72ª CIPM/ITACARÉ;MAPEADO
Marcionílio Souza;CPR-CH;11º BPM/ITABERABA;MAPEADO
Mascote;CPR-S;62ª CIPM/CAMACAN;MAPEADO
Mata de São João;CPRMS;53ª CIPM/MATA DE SÃO JOÃO;MAPEADO
Matina;CPR-MO;38ª CIPM/BOM JESUS DA LAPA;MAPEADO
Medeiros Neto;CPR-ES;44ª CIPM/MEDEIROS NETO;MAPEADO
Miguel Calmon;CPR-CH;29º BPM/JACOBINA;MAPEADO
Milagres;CPR-R;99ª CIPM/AMARGOSA;MAPEADO
Mirangaba;CPR-CH;29º BPM/JACOBINA;MAPEADO
Mirante;CPR-SO;79ª CIPM/POÇÕES;MAPEADO
Monte Santo;CPR-NE;7ª CIPM/MONTE SANTO;MAPEADO
Morpará;CPR-MO;28ª CIPM/IBOTIRAMA;MAPEADO
Morro do Chapéu;CPR-CN;3ª CIPM/MORRO DO CHAPÉU;MAPEADO
Mortugaba;CPR-SO;80ª CIPM/CANDIDO SALES;MAPEADO
Mucugê;CPR-CH;11º BPM/ITABERABA;MAPEADO
Mucuri;CPR-ES;89ª CIPM/MUCURI;MAPEADO
Mulungu do Morro;CPR-CN;3ª CIPM/MORRO DO CHAPÉU;MAPEADO
Mundo Novo;CPR-CH;98ª CIPM/IPIRÁ;MAPEADO
Muniz Ferreira;CPR-R;14º BPM/SANTO ANTÔNIO DE JESUS;MAPEADO
Muquém do São Francisco;CPR-MO;28ª CIPM/IBOTIRAMA;MAPEADO
Muritiba;CPR-R;27ª CIPM/CRUZ DAS ALMAS;MAPEADO
Mutuípe;CPR-R;14º BPM/SANTO ANTÔNIO DE JESUS;MAPEADO
Nazaré;CPR-R;14º BPM/SANTO ANTÔNIO DE JESUS;MAPEADO
Nilo Peçanha;CPR-R;31º BPM/VALENÇA;MAPEADO
Nordestina;CPR-NE;7ª CIPM/MONTE SANTO;MAPEADO
Nova Canaã;CPR-S;8ª CIPM/ITAPETINGA;MAPEADO
Nova Fátima;CPR-CH;90ª CIPM/RIACHÃO DO JACUÍPE;MAPEADO
Nova Ibiá;CPR-MRC;19º BPM/JEQUIÉ;MAPEADO
Nova Itarana;CPR-MRC;93ª CIPM/MARACÁS;MAPEADO
Nova Redenção;CPR-CH;42ª CIPM/LENÇÓIS;MAPEADO
Nova Soure;CPR-NE;21ª CIPM/CIPÓ;MAPEADO
Nova Viçosa;CPR-ES;89ª CIPM/MUCURI;MAPEADO
Novo Horizonte;CPR-CH;29ª CIPM/SEABRA;MAPEADO
Novo Triunfo;CPR-NE;20º BPM/PAULO AFONSO;MAPEADO
Olindina;CPR-LN;6ª CIPM/RIO REAL;MAPEADO
Oliveira dos Brejinhos;CPR-MO;28ª CIPM/IBOTIRAMA;MAPEADO
Ouriçangas;CPR-LN;4º BPM/ALAGOINHAS;MAPEADO
Ourolândia;CPR-CH;29º BPM/JACOBINA;MAPEADO
Palmas de Monte Alto;CPR-MO;17º BPM/GUANAMBI;MAPEADO
Palmeiras;CPR-CH;42ª CIPM/LENÇÓIS;MAPEADO
Paramirim;CPR-SO;46ª CIPM/LIVRAMENTO DE NOSSA SRA;MAPEADO
Paratinga;CPR-MO;28ª CIPM/IBOTIRAMA;MAPEADO
Paripiranga;CPR-NE;21ª CIPM/CIPÓ;MAPEADO
Pau Brasil;CPR-S;62ª CIPM/CAMACAN;MAPEADO
Paulo Afonso;CPR-NE;20º BPM/PAULO AFONSO;MAPEADO
Pé de Serra;CPR-CH;90ª CIPM/RIACHÃO DO JACUÍPE;MAPEADO
Pedrão;CPR-LN;4º BPM/ALAGOINHAS;MAPEADO
Pedro Alexandre;CPR-NE;20º BPM/PAULO AFONSO;MAPEADO
Piatã;CPR-CH;29ª CIPM/SEABRA;MAPEADO
Pilão Arcado;CPR-N;25ª CIPM/CASA NOVA;MAPEADO
Pindaí;CPR-MO;17º BPM/GUANAMBI;MAPEADO
Pindobaçu;CPR-N;54ª CIPM/CAMPO FORMOSO;MAPEADO
Pintadas;CPR-CH;98ª CIPM/IPIRÁ;MAPEADO
Piraí do Norte;CPR-R;60ª CIPM/GANDU;MAPEADO
Piripá;CPR-SO;80ª CIPM/CANDIDO SALES;MAPEADO
Piritiba;CPR-CH;29º BPM/JACOBINA;MAPEADO
Planaltino;CPR-MRC;93ª CIPM/MARACÁS;MAPEADO
Planalto;CPR-SO;79ª CIPM/POÇÕES;MAPEADO
Poções;CPR-SO;79ª CIPM/POÇÕES;MAPEADO
Pojuca;CPRMS;32ª CIPM/POJUCA;MAPEADO
Ponto Novo;CPR-N;6º BPM/SENHOR DO BONFIM;MAPEADO
Porto Seguro;CPR-ES;8º BPM/PORTO SEGURO;MAPEADO
Potiraguá;CPR-S;8ª CIPM/ITAPETINGA;MAPEADO
Prado;CPR-ES;88ª CIPM/ALCOBAÇA;MAPEADO
Presidente Dutra;CPR-CN;7º BPM/IRECÊ;MAPEADO
Presidente Jânio Quadros;CPR-SO;24º BPM/BRUMADO;MAPEADO
Presidente Tancredo Neves;CPR-R;31º BPM/VALENÇA;MAPEADO
Queimadas;CPR-NE;7ª CIPM/MONTE SANTO;MAPEADO
Quijingue;CPR-NE;5º BPM/EUCLIDES DA CUNHA;MAPEADO
Quixabeira;CPR-CH;91ª CIPM/CAPIM GROSSO;MAPEADO
Rafael Jambeiro;CPR-CH;11º BPM/ITABERABA;MAPEADO
Remanso;CPR-N;25ª CIPM/CASA NOVA;MAPEADO
Retirolândia;CPR-NE;16º BPM/SERRINHA;MAPEADO
Riachão das Neves;CPR-O;86ª CIPM/FORMOSA DO RIO PRETO;MAPEADO
Riachão do Jacuípe;CPR-CH;90ª CIPM/RIACHÃO DO JACUÍPE;MAPEADO
Riacho de Santana;CPR-MO;38ª CIPM/BOM JESUS DA LAPA;MAPEADO
Ribeira do Amparo;CPR-NE;21ª CIPM/CIPÓ;MAPEADO
Ribeira do Pombal;CPR-NE;21ª CIPM/CIPÓ;MAPEADO
Ribeirão do Largo;CPR-SO;80ª CIPM/CANDIDO SALES;MAPEADO
Rio de Contas;CPR-SO;46ª CIPM/LIVRAMENTO DE NOSSA SRA;MAPEADO
Rio do Antônio;CPR-SO;24º BPM/BRUMADO;MAPEADO
Rio do Pires;CPR-MO;4ª CIPM/MACAÚBAS;MAPEADO
Rio Real;CPR-LN;6ª CIPM/RIO REAL;MAPEADO
Rodelas;CPR-N;45ª CIPM/CURAÇA;MAPEADO
Ruy Barbosa;CPR-CH;11º BPM/ITABERABA;MAPEADO
Salinas da Margarida;CPR-R;23º BPM/VERA CRUZ;MAPEADO
Salvador;CPRC-A | CPRC-BTS | CPRC-C;CAPITAL;MULTIPLA
Santa Bárbara;CPR-L;25º BPM/FEIRA DE SANTANA;MAPEADO
Santa Brígida;CPR-NE;20º BPM/PAULO AFONSO;MAPEADO
Santa Cruz Cabrália;CPR-ES;8º BPM/PORTO SEGURO;MAPEADO
Santa Cruz da Vitória;CPR-S;63ª CIPM/IBICARAÍ;MAPEADO
Santa Inês;CPR-MRC;19º BPM/JEQUIÉ;MAPEADO
Santaluz;CPR-NE;16º BPM/SERRINHA;MAPEADO
Santa Luzia;CPR-S;62ª CIPM/CAMACAN;MAPEADO
Santa Maria da Vitória;CPR-O;30ª CIPM/SANTA MARIA DA VITÓRIA;MAPEADO
Santana;CPR-O;30ª CIPM/SANTA MARIA DA VITÓRIA;MAPEADO
Santanópolis;CPR-L;97ª CIPM/IRARÁ;MAPEADO
Santa Rita de Cássia;CPR-O;86ª CIPM/FORMOSA DO RIO PRETO;MAPEADO
Santa Terezinha;CPR-CH;11º BPM/ITABERABA;MAPEADO
Santo Amaro;CPR-R;20ª CIPM/SANTO AMARO;MAPEADO
Santo Antônio de Jesus;CPR-R;14º BPM/SANTO ANTÔNIO DE JESUS;MAPEADO
Santo Estêvão;CPR-L;57ª CIPM/SANTO ESTEVÃO;MAPEADO
São Desidério;CPR-O;27º BPM/LUÍS EDUARDO MAGALHÃES;MAPEADO
São Domingos;CPR-NE;16º BPM/SERRINHA;MAPEADO
São Félix;CPR-R;85ª CIPM/CACHOEIRA;MAPEADO
São Félix do Coribe;CPR-O;30ª CIPM/SANTA MARIA DA VITÓRIA;MAPEADO
São Felipe;CPR-R;14º BPM/SANTO ANTÔNIO DE JESUS;MAPEADO
São Francisco do Conde;CPRMS;26º BPM/CANDEIAS;MAPEADO
São Gabriel;CPR-CN;7º BPM/IRECÊ;MAPEADO
São Gonçalo dos Campos;CPR-L;67ª CIPM/FEIRA DE SANTANA;MAPEADO
São José da Vitória;CPR-S;62ª CIPM/CAMACAN;MAPEADO
São José do Jacuípe;CPR-CH;91ª CIPM/CAPIM GROSSO;MAPEADO
São Miguel das Matas;CPR-R;99ª CIPM/AMARGOSA;MAPEADO
São Sebastião do Passé;CPRMS;26º BPM/CANDEIAS;MAPEADO
Sapeaçu;CPR-R;27ª CIPM/CRUZ DAS ALMAS;MAPEADO
Sátiro Dias;CPR-LN;4º BPM/ALAGOINHAS;MAPEADO
Saubara;CPR-R;20ª CIPM/SANTO AMARO;MAPEADO
Saúde;CPR-CH;29º BPM/JACOBINA;MAPEADO
Seabra;CPR-CH;29ª CIPM/SEABRA;MAPEADO
Sebastião Laranjeiras;CPR-MO;17º BPM/GUANAMBI;MAPEADO
Senhor do Bonfim;CPR-N;6º BPM/SENHOR DO BONFIM;MAPEADO
Serra do Ramalho;CPR-MO;38ª CIPM/BOM JESUS DA LAPA;MAPEADO
Sento Sé;CPR-N;96ª CIPM/SOBRADINHO;MAPEADO
Serra Dourada;CPR-O;30ª CIPM/SANTA MARIA DA VITÓRIA;MAPEADO
Serra Preta;CPR-CH;98ª CIPM/IPIRÁ;MAPEADO
Serrinha;CPR-NE;16º BPM/SERRINHA;MAPEADO
Serrolândia;CPR-CH;91ª CIPM/CAPIM GROSSO;MAPEADO
Simões Filho;CPRMS;22ª CIPM/SIMÕES FILHO;MAPEADO
Sítio do Mato;CPR-MO;38ª CIPM/BOM JESUS DA LAPA;MAPEADO
Sítio do Quinto;CPR-NE;20º BPM/PAULO AFONSO;MAPEADO
Sobradinho;CPR-N;96ª CIPM/SOBRADINHO;MAPEADO
Souto Soares;CPR-CH;29ª CIPM/SEABRA;MAPEADO
Tabocas do Brejo Velho;CPR-O;30ª CIPM/SANTA MARIA DA VITÓRIA;MAPEADO
Tanhaçu;CPR-SO;24º BPM/BRUMADO;MAPEADO
Tanque Novo;CPR-MO;94ª CIPM/CAETITÉ;MAPEADO
Tanquinho;CPR-L;25º BPM/FEIRA DE SANTANA;MAPEADO
Taperoá;CPR-R;31º BPM/VALENÇA;MAPEADO
Tapiramutá;CPR-CH;29º BPM/JACOBINA;MAPEADO
Teixeira de Freitas;CPR-ES;87ª CIPM/TEIXEIRA DE FREITAS;MAPEADO
Teodoro Sampaio;CPR-L;66ª CIPM/CONCEIÇÃO DO JACUÍPE;MAPEADO
Teofilândia;CPR-NE;16º BPM/SERRINHA;MAPEADO
Teolândia;CPR-R;60ª CIPM/GANDU;MAPEADO
Terra Nova;CPR-L;66ª CIPM/CONCEIÇÃO DO JACUÍPE;MAPEADO
Tremedal;CPR-SO;80ª CIPM/CANDIDO SALES;MAPEADO
Tucano;CPR-NE;5º BPM/EUCLIDES DA CUNHA;MAPEADO
Uauá;CPR-N;45ª CIPM/CURAÇA;MAPEADO
Ubaíra;CPR-R;99ª CIPM/AMARGOSA;MAPEADO
Ubaitaba;CPR-S;61ª CIPM/UBAITABA;MAPEADO
Ubatã;CPR-S;61ª CIPM/UBAITABA;MAPEADO
Uibaí;CPR-CN;7º BPM/IRECÊ;MAPEADO
Umburanas;CPR-CH;29º BPM/JACOBINA;MAPEADO
Una;CPR-S;71ª CIPM/CANAVIEIRAS;MAPEADO
Urandi;CPR-MO;17º BPM/GUANAMBI;MAPEADO
Uruçuca;CPR-S;72ª CIPM/ITACARÉ;MAPEADO
Utinga;CPR-CH;42ª CIPM/LENÇÓIS;MAPEADO
Valença;CPR-R;31º BPM/VALENÇA;MAPEADO
Valente;CPR-NE;16º BPM/SERRINHA;MAPEADO
Várzea da Roça;CPR-CH;91ª CIPM/CAPIM GROSSO;MAPEADO
Várzea do Poço;CPR-CH;91ª CIPM/CAPIM GROSSO;MAPEADO
Várzea Nova;CPR-CH;29º BPM/JACOBINA;MAPEADO
Varzedo;CPR-R;14º BPM/SANTO ANTÔNIO DE JESUS;MAPEADO
Vera Cruz;CPR-R;23º BPM/VERA CRUZ;MAPEADO
Vereda;CPR-ES;44ª CIPM/MEDEIROS NETO;MAPEADO
Vitória da Conquista;CPR-SO;77ª, 78ª CIPM/VITÓRIA DA CONQUISTA | 92ª CIPM/VITÓRIA DA CONQUISTA;MULTIPLA
Wagner;CPR-CH;42ª CIPM/LENÇÓIS;MAPEADO
Wanderley;CPR-O;84ª CIPM/BARREIRAS;MAPEADO
Wenceslau Guimarães;CPR-R;60ª CIPM/GANDU;MAPEADO
Xique-Xique;CPR-CN;10ª CIPM/XIQUE-XIQUE;MAPEADO
